[{"model": "admin.logentry", "pk": 1, "fields": {"action_time": "2022-02-15T08:35:32.656Z", "user": 1, "content_type": 8, "object_id": "2", "object_repr": "Trulio", "action_flag": 2, "change_message": "[{\"changed\": {\"fields\": [\"\\u0412\\u043e\\u0437\\u0440\\u0430\\u0441\\u0442\"]}}]"}}, {"model": "admin.logentry", "pk": 2, "fields": {"action_time": "2022-02-15T08:35:39.207Z", "user": 1, "content_type": 8, "object_id": "2", "object_repr": "Trulio", "action_flag": 2, "change_message": "[{\"changed\": {\"fields\": [\"\\u0412\\u043e\\u0437\\u0440\\u0430\\u0441\\u0442\"]}}]"}}, {"model": "admin.logentry", "pk": 3, "fields": {"action_time": "2022-02-15T08:36:29.071Z", "user": 1, "content_type": 8, "object_id": "4", "object_repr": "locoprog", "action_flag": 1, "change_message": "[{\"added\": {}}]"}}, {"model": "admin.logentry", "pk": 4, "fields": {"action_time": "2022-02-15T16:54:18.749Z", "user": 1, "content_type": 8, "object_id": "1", "object_repr": "Jarno", "action_flag": 2, "change_message": "[{\"changed\": {\"fields\": [\"Avatar\", \"\\u0412\\u043e\\u0437\\u0440\\u0430\\u0441\\u0442\", \"\\u0413\\u043e\\u0440\\u043e\\u0434\"]}}]"}}, {"model": "admin.logentry", "pk": 5, "fields": {"action_time": "2022-02-15T17:39:50.063Z", "user": 1, "content_type": 7, "object_id": "1", "object_repr": "Лампа новая", "action_flag": 2, "change_message": "[{\"changed\": {\"fields\": [\"Image\"]}}]"}}, {"model": "admin.logentry", "pk": 6, "fields": {"action_time": "2022-02-15T17:40:04.189Z", "user": 1, "content_type": 7, "object_id": "2", "object_repr": "Стол крутой", "action_flag": 2, "change_message": "[{\"changed\": {\"fields\": [\"Image\"]}}]"}}, {"model": "admin.logentry", "pk": 7, "fields": {"action_time": "2022-02-22T10:21:33.193Z", "user": 1, "content_type": 8, "object_id": "4", "object_repr": "locoprog", "action_flag": 2, "change_message": "[{\"changed\": {\"fields\": [\"\\u0412\\u043e\\u0437\\u0440\\u0430\\u0441\\u0442\"]}}]"}}, {"model": "admin.logentry", "pk": 8, "fields": {"action_time": "2022-02-25T07:13:35.375Z", "user": 1, "content_type": 7, "object_id": "6", "object_repr": "Робот пылесос", "action_flag": 2, "change_message": "[{\"changed\": {\"fields\": [\"Image\", \"Products short description\", \"Products description\", \"Products price\", \"Quantity of products available\"]}}]"}}, {"model": "admin.logentry", "pk": 9, "fields": {"action_time": "2022-02-25T07:15:18.394Z", "user": 1, "content_type": 7, "object_id": "5", "object_repr": "Шкаф", "action_flag": 2, "change_message": "[{\"changed\": {\"fields\": [\"Image\", \"Products short description\", \"Products description\", \"Products price\", \"Quantity of products available\"]}}]"}}, {"model": "admin.logentry", "pk": 10, "fields": {"action_time": "2022-02-25T07:15:52.629Z", "user": 1, "content_type": 7, "object_id": "4", "object_repr": "Кровать", "action_flag": 2, "change_message": "[{\"changed\": {\"fields\": [\"Image\", \"Products short description\", \"Products description\", \"Products price\", \"Quantity of products available\"]}}]"}}, {"model": "admin.logentry", "pk": 11, "fields": {"action_time": "2022-02-25T07:16:29.449Z", "user": 1, "content_type": 7, "object_id": "3", "object_repr": "Стуль", "action_flag": 2, "change_message": "[{\"changed\": {\"fields\": [\"Image\", \"Products short description\", \"Products description\", \"Products price\", \"Quantity of products available\"]}}]"}}, {"model": "admin.logentry", "pk": 12, "fields": {"action_time": "2022-02-25T07:17:02.152Z", "user": 1, "content_type": 7, "object_id": "2", "object_repr": "Стол крутой", "action_flag": 2, "change_message": "[{\"changed\": {\"fields\": [\"Products short description\", \"Products description\", \"Products price\", \"Quantity of products available\"]}}]"}}, {"model": "admin.logentry", "pk": 13, "fields": {"action_time": "2022-02-25T07:17:23.013Z", "user": 1, "content_type": 7, "object_id": "1", "object_repr": "Лампа новая", "action_flag": 2, "change_message": "[{\"changed\": {\"fields\": [\"Products short description\", \"Products description\", \"Products price\", \"Quantity of products available\"]}}]"}}, {"model": "admin.logentry", "pk": 14, "fields": {"action_time": "2022-02-27T08:45:53.703Z", "user": 1, "content_type": 6, "object_id": "6", "object_repr": "Новые", "action_flag": 2, "change_message": "[{\"changed\": {\"fields\": [\"Category name\"]}}]"}}, {"model": "admin.logentry", "pk": 15, "fields": {"action_time": "2022-02-27T13:09:19.601Z", "user": 1, "content_type": 6, "object_id": "11", "object_repr": "Russian Style", "action_flag": 1, "change_message": "[{\"added\": {}}]"}}, {"model": "admin.logentry", "pk": 16, "fields": {"action_time": "2022-02-27T18:27:29.663Z", "user": 1, "content_type": 9, "object_id": "2", "object_repr": "Шкаф", "action_flag": 1, "change_message": "[{\"added\": {}}]"}}, {"model": "admin.logentry", "pk": 17, "fields": {"action_time": "2022-02-27T18:36:48.579Z", "user": 1, "content_type": 9, "object_id": "2", "object_repr": "Шкаф", "action_flag": 3, "change_message": ""}}, {"model": "admin.logentry", "pk": 18, "fields": {"action_time": "2022-02-27T18:36:50.971Z", "user": 1, "content_type": 9, "object_id": "1", "object_repr": "Стол крутой", "action_flag": 3, "change_message": ""}}, {"model": "admin.logentry", "pk": 19, "fields": {"action_time": "2022-02-28T21:26:57.832Z", "user": 1, "content_type": 9, "object_id": "1", "object_repr": "Лампа новая", "action_flag": 2, "change_message": "[{\"changed\": {\"fields\": [\"\\u041a\\u043e\\u043b\\u0438\\u0447\\u0435\\u0441\\u0442\\u0432\\u043e\"]}}]"}}, {"model": "admin.logentry", "pk": 20, "fields": {"action_time": "2022-02-28T21:27:02.068Z", "user": 1, "content_type": 9, "object_id": "2", "object_repr": "Стол крутой", "action_flag": 2, "change_message": "[{\"changed\": {\"fields\": [\"\\u041a\\u043e\\u043b\\u0438\\u0447\\u0435\\u0441\\u0442\\u0432\\u043e\"]}}]"}}, {"model": "admin.logentry", "pk": 21, "fields": {"action_time": "2022-02-28T21:27:06.068Z", "user": 1, "content_type": 9, "object_id": "3", "object_repr": "Кровать", "action_flag": 2, "change_message": "[{\"changed\": {\"fields\": [\"\\u041a\\u043e\\u043b\\u0438\\u0447\\u0435\\u0441\\u0442\\u0432\\u043e\"]}}]"}}, {"model": "admin.logentry", "pk": 22, "fields": {"action_time": "2022-02-28T21:27:10.628Z", "user": 1, "content_type": 9, "object_id": "4", "object_repr": "Робот пылесос", "action_flag": 2, "change_message": "[{\"changed\": {\"fields\": [\"\\u041a\\u043e\\u043b\\u0438\\u0447\\u0435\\u0441\\u0442\\u0432\\u043e\"]}}]"}}, {"model": "admin.logentry", "pk": 23, "fields": {"action_time": "2022-02-28T21:27:14.818Z", "user": 1, "content_type": 9, "object_id": "5", "object_repr": "Стуль", "action_flag": 2, "change_message": "[{\"changed\": {\"fields\": [\"\\u041a\\u043e\\u043b\\u0438\\u0447\\u0435\\u0441\\u0442\\u0432\\u043e\"]}}]"}}, {"model": "admin.logentry", "pk": 24, "fields": {"action_time": "2022-02-28T21:27:20.355Z", "user": 1, "content_type": 9, "object_id": "6", "object_repr": "Лампа новая", "action_flag": 2, "change_message": "[]"}}, {"model": "admin.logentry", "pk": 25, "fields": {"action_time": "2022-02-28T21:27:25.077Z", "user": 1, "content_type": 9, "object_id": "7", "object_repr": "Кровать", "action_flag": 2, "change_message": "[]"}}, {"model": "admin.logentry", "pk": 26, "fields": {"action_time": "2022-02-28T21:27:28.757Z", "user": 1, "content_type": 9, "object_id": "8", "object_repr": "Шкаф", "action_flag": 2, "change_message": "[{\"changed\": {\"fields\": [\"\\u041a\\u043e\\u043b\\u0438\\u0447\\u0435\\u0441\\u0442\\u0432\\u043e\"]}}]"}}, {"model": "admin.logentry", "pk": 27, "fields": {"action_time": "2022-02-28T21:28:11.260Z", "user": 1, "content_type": 9, "object_id": "8", "object_repr": "Шкаф", "action_flag": 3, "change_message": ""}}, {"model": "admin.logentry", "pk": 28, "fields": {"action_time": "2022-02-28T21:28:11.278Z", "user": 1, "content_type": 9, "object_id": "7", "object_repr": "Кровать", "action_flag": 3, "change_message": ""}}, {"model": "admin.logentry", "pk": 29, "fields": {"action_time": "2022-02-28T21:28:11.295Z", "user": 1, "content_type": 9, "object_id": "6", "object_repr": "Лампа новая", "action_flag": 3, "change_message": ""}}, {"model": "admin.logentry", "pk": 30, "fields": {"action_time": "2022-02-28T21:28:11.313Z", "user": 1, "content_type": 9, "object_id": "5", "object_repr": "Стуль", "action_flag": 3, "change_message": ""}}, {"model": "admin.logentry", "pk": 31, "fields": {"action_time": "2022-02-28T21:28:11.329Z", "user": 1, "content_type": 9, "object_id": "4", "object_repr": "Робот пылесос", "action_flag": 3, "change_message": ""}}, {"model": "admin.logentry", "pk": 32, "fields": {"action_time": "2022-02-28T21:28:11.347Z", "user": 1, "content_type": 9, "object_id": "3", "object_repr": "Кровать", "action_flag": 3, "change_message": ""}}, {"model": "admin.logentry", "pk": 33, "fields": {"action_time": "2022-02-28T21:28:11.365Z", "user": 1, "content_type": 9, "object_id": "2", "object_repr": "Стол крутой", "action_flag": 3, "change_message": ""}}, {"model": "admin.logentry", "pk": 34, "fields": {"action_time": "2022-02-28T21:28:11.382Z", "user": 1, "content_type": 9, "object_id": "1", "object_repr": "Лампа новая", "action_flag": 3, "change_message": ""}}, {"model": "social_django.usersocialauth", "pk": 2, "fields": {"user": 34, "provider": "vk-oauth2", "uid": "447085295", "extra_data": "{\"auth_time\": 1649753067, \"id\": 447085295, \"expires\": 86400, \"access_token\": \"93793be04eacf411fae49d0f7c7a0f6955195bdefb6ba79c7758014a54858e58faa66c9eeaa8102feb87a\", \"token_type\": null}", "created": "2022-03-27T19:07:20.863Z", "modified": "2022-04-12T08:44:27.521Z"}}, {"model": "mainapp.productcategory", "pk": 6, "fields": {"name": "Новые", "description": "", "is_active": true}}, {"model": "mainapp.productcategory", "pk": 7, "fields": {"name": "Дом", "description": "updated", "is_active": true}}, {"model": "mainapp.productcategory", "pk": 8, "fields": {"name": "Офис", "description": "", "is_active": true}}, {"model": "mainapp.productcategory", "pk": 9, "fields": {"name": "Модерн", "description": "", "is_active": true}}, {"model": "mainapp.productcategory", "pk": 10, "fields": {"name": "Стиль 90-х", "description": "", "is_active": true}}, {"model": "mainapp.productcategory", "pk": 17, "fields": {"name": "new for dlt", "description": "dltme", "is_active": true}}, {"model": "mainapp.product", "pk": 1, "fields": {"category": 8, "name": "Лампа новая", "image": "products_images/lamp_XEjTLq3.png", "short_description": "This lamp is nice", "description": "wow what a nice lamp", "price": "69874.00", "quantity": 5, "is_active": true}}, {"model": "mainapp.product", "pk": 2, "fields": {"category": 8, "name": "Стол крутой", "image": "products_images/table_hjTUCeI.jpg", "short_description": "This is a better chair", "description": "The best of all the times", "price": "25601.00", "quantity": 11, "is_active": false}}, {"model": "mainapp.product", "pk": 3, "fields": {"category": 8, "name": "Стуль", "image": "products_images/product-4.jpg", "short_description": "Just okay", "description": "nice chair, it's not bad", "price": "6410.00", "quantity": 4, "is_active": true}}, {"model": "mainapp.product", "pk": 4, "fields": {"category": 7, "name": "Кровать", "image": "products_images/product-1-lg.jpg", "short_description": "Nice bed", "description": "Wow here I could sleep months", "price": "56045.00", "quantity": 9, "is_active": false}}, {"model": "mainapp.product", "pk": 5, "fields": {"category": 7, "name": "Шкаф", "image": "products_images/product-61.jpg", "short_description": "This is the best closet", "description": "This is the best closet!!!!!!!!!!!!!!", "price": "8745.00", "quantity": 11, "is_active": true}}, {"model": "mainapp.product", "pk": 6, "fields": {"category": 9, "name": "Робот пылесос", "image": "products_images/product-4-sm.jpg", "short_description": "Nice Robot!!", "description": "Awsome!!!!!", "price": "55555.00", "quantity": 1, "is_active": true}}, {"model": "mainapp.product", "pk": 7, "fields": {"category": 6, "name": "on2", "image": "", "short_description": "nice", "description": "", "price": "0.00", "quantity": 0, "is_active": true}}, {"model": "mainapp.product", "pk": 8, "fields": {"category": 6, "name": "eres", "image": "", "short_description": "wow", "description": "", "price": "0.00", "quantity": 0, "is_active": true}}, {"model": "mainapp.product", "pk": 9, "fields": {"category": 6, "name": "cool", "image": "", "short_description": "55", "description": "", "price": "0.00", "quantity": 0, "is_active": true}}, {"model": "mainapp.product", "pk": 10, "fields": {"category": 6, "name": "nice", "image": "", "short_description": "yes", "description": "", "price": "0.00", "quantity": 2, "is_active": true}}, {"model": "mainapp.product", "pk": 11, "fields": {"category": 17, "name": "product1", "image": "", "short_description": "hello", "description": "", "price": "174.00", "quantity": 100, "is_active": true}}, {"model": "mainapp.product", "pk": 12, "fields": {"category": 17, "name": "product 2``", "image": "", "short_description": "2:)", "description": "", "price": "435.00", "quantity": 100, "is_active": true}}, {"model": "authapp.shopuser", "pk": 1, "fields": {"password": "pbkdf2_sha256$260000$x7HhvrkjKsdVlo7CAgB6lY$gP4mXijnZvmquHaodY6CryihTt8p1D6DXsdM7derR/s=", "last_login": "2022-04-16T14:30:19.447Z", "is_superuser": true, "username": "Jarno", "first_name": "Jarno admin", "last_name": "", "email": "jarno@developer.com", "is_staff": true, "is_active": true, "date_joined": "2022-02-13T21:07:39Z", "avatar": "users_avatars/lamp.png", "age": 25, "city": "Питер", "activation_key": "", "activation_key_expires": "2022-03-23T20:02:56.489Z", "groups": [], "user_permissions": []}}, {"model": "authapp.shopuser", "pk": 2, "fields": {"password": "pbkdf2_sha256$320000$Vyg3D5Bw07wN71pPGRlgP4$pBXkAxPuc+dWh9ayjmeuMWzkau1gPicx01SSDpkQpbI=", "last_login": null, "is_superuser": false, "username": "Trulio", "first_name": "Trulio", "last_name": "", "email": "trulio@dev.com", "is_staff": false, "is_active": false, "date_joined": "2022-02-15T07:15:51Z", "avatar": "", "age": 21, "city": "Москва", "activation_key": "", "activation_key_expires": "2022-03-23T20:02:56.489Z", "groups": [], "user_permissions": []}}, {"model": "authapp.shopuser", "pk": 3, "fields": {"password": "pbkdf2_sha256$320000$dAGJAc41OqHArpXTKFIJnx$piNY5O/p6fBZQqexqkNfWYFtScCDDm3L6VEz1KfZXDI=", "last_login": "2022-02-15T07:21:04.791Z", "is_superuser": false, "username": "Jose12", "first_name": "Jose", "last_name": "", "email": "jose@user.com", "is_staff": false, "is_active": true, "date_joined": "2022-02-15T07:20:57.837Z", "avatar": "", "age": 25, "city": "Москва", "activation_key": "", "activation_key_expires": "2022-03-23T20:02:56.489Z", "groups": [], "user_permissions": []}}, {"model": "authapp.shopuser", "pk": 4, "fields": {"password": "admin", "last_login": null, "is_superuser": false, "username": "locoprog", "first_name": "julio", "last_name": "", "email": "loco@dev.com", "is_staff": false, "is_active": true, "date_joined": "2022-02-15T08:35:44Z", "avatar": "", "age": 11, "city": "Владимир", "activation_key": "", "activation_key_expires": "2022-03-23T20:02:56.489Z", "groups": [], "user_permissions": []}}, {"model": "authapp.shopuser", "pk": 5, "fields": {"password": "pbkdf2_sha256$320000$EyQyxAQLDpQseJUeVHOMPC$0u7Fv8w7ssUXqWr0hqFcGuSJpcch1aQ3l7FwR+T9tFw=", "last_login": "2022-02-15T17:26:07Z", "is_superuser": false, "username": "Helloworld", "first_name": "hi", "last_name": "", "email": "hi@test.com", "is_staff": false, "is_active": true, "date_joined": "2022-02-15T16:56:33Z", "avatar": "users_avatars/WIN_20190731_18_49_04_Pro.jpg", "age": 22, "city": "Москва", "activation_key": "", "activation_key_expires": "2022-03-23T20:02:56.489Z", "groups": [], "user_permissions": []}}, {"model": "authapp.shopuser", "pk": 6, "fields": {"password": "pbkdf2_sha256$320000$i8NE74TpVQWOgOKYBYCJSA$nPWdr79+in97uU1y6YwmURkDsCNNeg/DZDDgmcTCp9s=", "last_login": "2022-03-06T19:39:07.133Z", "is_superuser": false, "username": "Julio13", "first_name": "Julio", "last_name": "", "email": "julio@gmail.com", "is_staff": false, "is_active": false, "date_joined": "2022-02-27T19:52:36.615Z", "avatar": "", "age": 22, "city": "Москва", "activation_key": "", "activation_key_expires": "2022-03-23T20:02:56.489Z", "groups": [], "user_permissions": []}}, {"model": "authapp.shopuser", "pk": 7, "fields": {"password": "pbkdf2_sha256$320000$2PPehbxi0dGjqYNOGQQGzy$26M03sTAqodx0y+0KA/fVu3hgZcqVGshZyS4HtRi5aU=", "last_login": null, "is_superuser": false, "username": "Jarno2", "first_name": "Jarno trulio", "last_name": "locoprog", "email": "jarnoLook@hola.com", "is_staff": false, "is_active": true, "date_joined": "2022-03-07T19:48:00Z", "avatar": "users_avatars/sad.jpg", "age": 22, "city": "Москва", "activation_key": "", "activation_key_expires": "2022-03-23T20:02:56.489Z", "groups": [], "user_permissions": []}}, {"model": "authapp.shopuser", "pk": 8, "fields": {"password": "pbkdf2_sha256$320000$geb8ohLuORMHr0YhkWKUfy$6wXotiZnkHc3fX372ItzJ3OiXd+bjQT+rS5DZgho+a0=", "last_login": null, "is_superuser": false, "username": "Normanj30", "first_name": "Norman", "last_name": "", "email": "normanj787@gmail.com", "is_staff": false, "is_active": false, "date_joined": "2022-03-21T20:47:45.893Z", "avatar": "", "age": 23, "city": "Москва", "activation_key": "", "activation_key_expires": "2022-03-23T20:46:27.807Z", "groups": [], "user_permissions": []}}, {"model": "authapp.shopuser", "pk": 9, "fields": {"password": "pbkdf2_sha256$320000$NTNTTwMq4w3rtbJvoAMSIl$EiQTkcRXHYxwNkZtLt23IFoV7ZEj3EBBFnCLcf/L2TI=", "last_login": null, "is_superuser": false, "username": "Normanj", "first_name": "Nor", "last_name": "", "email": "normanj787@gmail.com", "is_staff": false, "is_active": false, "date_joined": "2022-03-21T20:53:14.494Z", "avatar": "", "age": 30, "city": "Москва", "activation_key": "af11104075ff37096e0ec580ebc99f7690b6d2ca", "activation_key_expires": "2022-03-23T20:50:55.125Z", "groups": [], "user_permissions": []}}, {"model": "authapp.shopuser", "pk": 10, "fields": {"password": "pbkdf2_sha256$320000$VLRuYTNd5M8ep0x4NSTCxs$JhbV01266HQpqY3gzrhfCv+ba9ygQwJVbQ1iD6PfCoU=", "last_login": null, "is_superuser": false, "username": "Nor", "first_name": "Norman", "last_name": "", "email": "normanj787@gmail.com", "is_staff": false, "is_active": false, "date_joined": "2022-03-21T20:54:55.177Z", "avatar": "", "age": 30, "city": "Москва", "activation_key": "2b8b2ed925a434248e7a33faa917426d91351df4", "activation_key_expires": "2022-03-23T20:54:26.603Z", "groups": [], "user_permissions": []}}, {"model": "authapp.shopuser", "pk": 11, "fields": {"password": "pbkdf2_sha256$320000$AOCMuRi9d0UT4Ky2OpmkfG$3dvXIki1SfhjE+JNXZQ5HZjfyM7v8LHGova0avJqaeI=", "last_login": null, "is_superuser": false, "username": "Normanj3013", "first_name": "Normanj", "last_name": "", "email": "normanj787@gmail.com", "is_staff": false, "is_active": false, "date_joined": "2022-03-21T21:02:45.250Z", "avatar": "", "age": 30, "city": "Москва", "activation_key": "64be48836025f510204cdb17337c95b542e225a1", "activation_key_expires": "2022-03-23T21:01:25.242Z", "groups": [], "user_permissions": []}}, {"model": "authapp.shopuser", "pk": 12, "fields": {"password": "pbkdf2_sha256$320000$T1ipiIecWQGeVpNG4ZcHsA$cNn4jIVGGOElxLf6SBfM4VHHhu93SBxNe5czx5Ut35g=", "last_login": null, "is_superuser": false, "username": "Normito", "first_name": "Nor", "last_name": "", "email": "normanj787@gmail.com", "is_staff": false, "is_active": false, "date_joined": "2022-03-21T21:07:38.810Z", "avatar": "", "age": 30, "city": "Москва", "activation_key": "35ab5b249da1eb075447441c1041d5ef6e056e01", "activation_key_expires": "2022-03-23T21:01:25.242Z", "groups": [], "user_permissions": []}}, {"model": "authapp.shopuser", "pk": 13, "fields": {"password": "pbkdf2_sha256$320000$nS7FYN37ScaXuewJvmpoPg$QisEy9Ozec8PIw9BbfwwaXW2+ZVg7lMPmeyEqbwWtrk=", "last_login": null, "is_superuser": false, "username": "Normanj30w", "first_name": "Norman", "last_name": "", "email": "normanj787@gmail.com", "is_staff": false, "is_active": false, "date_joined": "2022-03-21T21:11:37.065Z", "avatar": "", "age": 30, "city": "Москва", "activation_key": "fbba18a826007ea1c9bd41cfa9d7a64b98c65a91", "activation_key_expires": "2022-03-23T21:10:05.149Z", "groups": [], "user_permissions": []}}, {"model": "authapp.shopuser", "pk": 14, "fields": {"password": "pbkdf2_sha256$320000$UbsbCAaIqaXRRLFnt6ZhzA$ZxiiSfCq20mIs2sc3+y7soD+okm5O6beL/qYbOn9+x0=", "last_login": null, "is_superuser": false, "username": "noe", "first_name": "nor", "last_name": "", "email": "normanj787@gmail.com", "is_staff": false, "is_active": false, "date_joined": "2022-03-21T21:13:45.959Z", "avatar": "", "age": 30, "city": "Москва", "activation_key": "70e00b2e206be9e4e7bed218709553eff247c1e6", "activation_key_expires": "2022-03-23T21:13:23.952Z", "groups": [], "user_permissions": []}}, {"model": "authapp.shopuser", "pk": 15, "fields": {"password": "pbkdf2_sha256$320000$aZ6ntBodpzzE8jRChsgw4l$hnYj/qYb1+uiy3t4G+Du6Jbd5sU66HILa62YSlpgsYg=", "last_login": null, "is_superuser": false, "username": "nor", "first_name": "nor", "last_name": "", "email": "normanj787@gmail.com", "is_staff": false, "is_active": false, "date_joined": "2022-03-21T21:15:02.217Z", "avatar": "", "age": 30, "city": "Москва", "activation_key": "e203eb2d04bba3ccaadbddc74c6b01651a06def7", "activation_key_expires": "2022-03-23T21:14:28.349Z", "groups": [], "user_permissions": []}}, {"model": "authapp.shopuser", "pk": 16, "fields": {"password": "pbkdf2_sha256$320000$0l1UqCqJZFzdeD1yQ0aCOi$UUejBvw/SHNk1ackm6YW61s1o4YRO3VobbFntQGf0Jc=", "last_login": null, "is_superuser": false, "username": "Nor2", "first_name": "na", "last_name": "", "email": "normanj787@gmail.com", "is_staff": false, "is_active": false, "date_joined": "2022-03-21T21:36:56.340Z", "avatar": "", "age": 30, "city": "Москва", "activation_key": "e5e52e7977f9172a92f03989d535e5bae1d4016f", "activation_key_expires": "2022-03-23T21:31:14.942Z", "groups": [], "user_permissions": []}}, {"model": "authapp.shopuser", "pk": 17, "fields": {"password": "pbkdf2_sha256$320000$aI4kC1cGMCyw2cbjg1QzVU$xyl6Y+1USFXgVMsH6Y59sFrOpkA4avoSTLgD/YU0emg=", "last_login": null, "is_superuser": false, "username": "newqqq", "first_name": "qq`", "last_name": "", "email": "new@hy.com", "is_staff": false, "is_active": false, "date_joined": "2022-03-21T21:52:36.766Z", "avatar": "", "age": 22, "city": "Москва", "activation_key": "2c2b9e9514ce589b3b83aaed03f30b7faf1ef13c", "activation_key_expires": "2022-03-23T21:50:09.724Z", "groups": [], "user_permissions": []}}, {"model": "authapp.shopuser", "pk": 18, "fields": {"password": "pbkdf2_sha256$320000$bO591fCrH9zIBx3xMoClVF$PxlHuoui8dPg9TdLhE6LzGEr6ov3emqM+x6Pt/bCnu8=", "last_login": null, "is_superuser": false, "username": "nnsad", "first_name": "jklj", "last_name": "", "email": "jjj@mm.com", "is_staff": false, "is_active": false, "date_joined": "2022-03-21T21:54:38.574Z", "avatar": "", "age": 44, "city": "Москва", "activation_key": "a707f9cad9d8658fb2d9b6e0055bf0fc7e57fd1d", "activation_key_expires": "2022-03-23T21:53:54.300Z", "groups": [], "user_permissions": []}}, {"model": "authapp.shopuser", "pk": 19, "fields": {"password": "pbkdf2_sha256$320000$aW50g0ScVWnxMdZjrw0v4N$f9RW67RFXC8Tsla3FJQjEu/DkJQO+adMLEVI52kKkeQ=", "last_login": null, "is_superuser": false, "username": "ASA", "first_name": "SDD", "last_name": "", "email": "jj@rr.com", "is_staff": false, "is_active": false, "date_joined": "2022-03-21T22:03:24.477Z", "avatar": "", "age": 40, "city": "Москва", "activation_key": "f410e20fda659d50b59809b80be46be1522de42c", "activation_key_expires": "2022-03-23T22:02:29.481Z", "groups": [], "user_permissions": []}}, {"model": "authapp.shopuser", "pk": 20, "fields": {"password": "pbkdf2_sha256$320000$rWqThzlHrgTy2S7oQbP7D0$ZzgoI1JXiAd8C+oHlM0PlPviENnXkFeEjATpCKWlHDk=", "last_login": null, "is_superuser": false, "username": "final", "first_name": "fbb", "last_name": "", "email": "jm1o@gmail.com", "is_staff": false, "is_active": false, "date_joined": "2022-03-21T22:15:29.575Z", "avatar": "", "age": 25, "city": "Москва", "activation_key": "522859528820c48b07bd3274f2c822c8ce67921d", "activation_key_expires": "2022-03-23T22:14:44.383Z", "groups": [], "user_permissions": []}}, {"model": "authapp.shopuser", "pk": 21, "fields": {"password": "pbkdf2_sha256$320000$KzQD8KaDqC5fKDuGePWm45$lFb7DgWRivJNvcOYNEwFqxpGRCi5OUOx4RQWLVtsckE=", "last_login": null, "is_superuser": false, "username": "gna", "first_name": "final", "last_name": "", "email": "final@please.com", "is_staff": false, "is_active": false, "date_joined": "2022-03-21T22:18:03.809Z", "avatar": "", "age": 25, "city": "Москва", "activation_key": "ef71a30cc72c2cb7b364030c0a132f478703cd59", "activation_key_expires": "2022-03-23T22:17:03.965Z", "groups": [], "user_permissions": []}}, {"model": "authapp.shopuser", "pk": 22, "fields": {"password": "pbkdf2_sha256$320000$4vD2tlrbgPZa77ys7DRvVd$JchgTFILhyfTJaHMh/ZJeetEYsOv5u6eNtrZ9llN93Y=", "last_login": null, "is_superuser": false, "username": "wdqqw", "first_name": "dq", "last_name": "", "email": "jjfsa@gma.com", "is_staff": false, "is_active": false, "date_joined": "2022-03-21T22:19:31.492Z", "avatar": "", "age": 25, "city": "Москва", "activation_key": "b02ee46ed9a2f9d6dae3346fcbabe527bddb2e02", "activation_key_expires": "2022-03-23T22:18:46.575Z", "groups": [], "user_permissions": []}}, {"model": "authapp.shopuser", "pk": 23, "fields": {"password": "pbkdf2_sha256$320000$FeZ9T77TRBhmluofpBFkVR$vOGRI8R3X6bftXxnuDdF+Whbo+shy1SElB3SQxWTeTs=", "last_login": null, "is_superuser": false, "username": "master", "first_name": "donew", "last_name": "", "email": "yavale@gmail.com", "is_staff": false, "is_active": false, "date_joined": "2022-03-21T22:22:45.420Z", "avatar": "", "age": 55, "city": "Москва", "activation_key": "ec0837b7b8f63170d99b1b0bc28c72b6bbfed41f", "activation_key_expires": "2022-03-23T22:22:14.659Z", "groups": [], "user_permissions": []}}, {"model": "authapp.shopuser", "pk": 24, "fields": {"password": "pbkdf2_sha256$320000$wNu87slpOFhJNJREuQmGqA$8S2yp3KVLv6AkdXFQ9+ej37LJvGonSsNx0KNyXCYxuM=", "last_login": null, "is_superuser": false, "username": "asdaf", "first_name": "adsf", "last_name": "", "email": "sada@fa.cs", "is_staff": false, "is_active": false, "date_joined": "2022-03-21T22:24:11.615Z", "avatar": "", "age": 66, "city": "Москва", "activation_key": "36db6ee6469beb525c015336ee9bd0bc150a54fd", "activation_key_expires": "2022-03-23T22:23:18.110Z", "groups": [], "user_permissions": []}}, {"model": "authapp.shopuser", "pk": 25, "fields": {"password": "pbkdf2_sha256$320000$mssuLnaRg7SmlaJDPXYwSP$sPlyAtU2K+llrPs2Eer0mlZ1UqTS3mQyQiTSIct+bmA=", "last_login": "2022-03-21T22:26:15.102Z", "is_superuser": false, "username": "sle", "first_name": "p", "last_name": "", "email": "sle@o.com", "is_staff": false, "is_active": true, "date_joined": "2022-03-21T22:26:03.187Z", "avatar": "", "age": 55, "city": "Москва", "activation_key": "", "activation_key_expires": null, "groups": [], "user_permissions": []}}, {"model": "authapp.shopuser", "pk": 26, "fields": {"password": "pbkdf2_sha256$320000$MA8IXxay5VdvMMOafrVaTM$+3EPW5f64ApuAxU6f4Ocuq73XTM8eNvfleLvXf8C6BA=", "last_login": "2022-03-22T06:34:53.064Z", "is_superuser": false, "username": "po", "first_name": "pok", "last_name": "", "email": "lo@js.com", "is_staff": false, "is_active": true, "date_joined": "2022-03-22T06:34:35.478Z", "avatar": "", "age": 55, "city": "Москва", "activation_key": "", "activation_key_expires": null, "groups": [], "user_permissions": []}}, {"model": "authapp.shopuser", "pk": 27, "fields": {"password": "pbkdf2_sha256$320000$zt3JoZjsKYOcC9CHNDPiUS$VpaVrmxXkfiI7Jp/KG0GwHj3iKS0oQZgZSO30lPDiIg=", "last_login": "2022-03-22T06:37:23.667Z", "is_superuser": false, "username": "tee", "first_name": "asd", "last_name": "", "email": "aloe@gds.cp", "is_staff": false, "is_active": true, "date_joined": "2022-03-22T06:36:30.182Z", "avatar": "", "age": 66, "city": "Москва", "activation_key": "", "activation_key_expires": null, "groups": [], "user_permissions": []}}, {"model": "authapp.shopuser", "pk": 29, "fields": {"password": "pbkdf2_sha256$320000$lR87LyxfHUdcECA93SQXel$y37Les80C/blDF0v7iBp31qinG5aKvilDmmz/z66MN4=", "last_login": "2022-03-26T21:20:10.046Z", "is_superuser": false, "username": "Newqqmd", "first_name": "Rodolfo", "last_name": "", "email": "rf@h.com", "is_staff": false, "is_active": true, "date_joined": "2022-03-26T21:19:18.364Z", "avatar": "", "age": 25, "city": "Москва", "activation_key": "", "activation_key_expires": null, "groups": [], "user_permissions": []}}, {"model": "authapp.shopuser", "pk": 30, "fields": {"password": "pbkdf2_sha256$320000$V5V62fDTOhv61OHx2YZfV1$vgxTQiosyAS0CdjJ/EZzcxKwoEVL3tZsi4n98eQRnB8=", "last_login": "2022-03-26T21:22:16.893Z", "is_superuser": false, "username": "pepe11", "first_name": "pepe", "last_name": "", "email": "jjas@gm.com", "is_staff": false, "is_active": true, "date_joined": "2022-03-26T21:22:03.228Z", "avatar": "", "age": 18, "city": "Москва", "activation_key": "", "activation_key_expires": null, "groups": [], "user_permissions": []}}, {"model": "authapp.shopuser", "pk": 34, "fields": {"password": "!ocfk66MT9H6abV5G7bKM6LCvcS0Qn9uOoPJin4jC", "last_login": "2022-04-12T08:44:27.603Z", "is_superuser": false, "username": "juliojimenez13", "first_name": "Julio", "last_name": "Jimenez", "email": "juliojm1310@gmail.com", "is_staff": false, "is_active": true, "date_joined": "2022-03-27T19:07:20.642Z", "avatar": "https://sun1-18.userapi.com/s/v1/ig2/qYnjYWkpENAH2Cmg1VF8kzvkZ9DQgfjVpDWH4h33f8sSh9emLN-QzCTjX8CTgUkH0p7CVZs7shWMUUce_NG8Pnsg.jpg?size=50x50&quality=96&crop=580,101,1482,1482&ava=1", "age": 23, "city": "", "activation_key": "", "activation_key_expires": "2022-03-29T19:06:57.377Z", "groups": [], "user_permissions": []}}, {"model": "authapp.userprofile", "pk": 1, "fields": {"user": 19, "about": null, "gender": ""}}, {"model": "authapp.userprofile", "pk": 2, "fields": {"user": 5, "about": null, "gender": ""}}, {"model": "authapp.userprofile", "pk": 3, "fields": {"user": 1, "about": "Im the admin!!", "gender": "M"}}, {"model": "authapp.userprofile", "pk": 4, "fields": {"user": 7, "about": null, "gender": ""}}, {"model": "authapp.userprofile", "pk": 5, "fields": {"user": 3, "about": null, "gender": ""}}, {"model": "authapp.userprofile", "pk": 6, "fields": {"user": 6, "about": null, "gender": ""}}, {"model": "authapp.userprofile", "pk": 7, "fields": {"user": 10, "about": null, "gender": ""}}, {"model": "authapp.userprofile", "pk": 8, "fields": {"user": 16, "about": null, "gender": ""}}, {"model": "authapp.userprofile", "pk": 9, "fields": {"user": 9, "about": null, "gender": ""}}, {"model": "authapp.userprofile", "pk": 10, "fields": {"user": 8, "about": null, "gender": ""}}, {"model": "authapp.userprofile", "pk": 11, "fields": {"user": 11, "about": null, "gender": ""}}, {"model": "authapp.userprofile", "pk": 12, "fields": {"user": 13, "about": null, "gender": ""}}, {"model": "authapp.userprofile", "pk": 13, "fields": {"user": 12, "about": null, "gender": ""}}, {"model": "authapp.userprofile", "pk": 14, "fields": {"user": 2, "about": null, "gender": ""}}, {"model": "authapp.userprofile", "pk": 15, "fields": {"user": 24, "about": null, "gender": ""}}, {"model": "authapp.userprofile", "pk": 16, "fields": {"user": 20, "about": null, "gender": ""}}, {"model": "authapp.userprofile", "pk": 17, "fields": {"user": 21, "about": null, "gender": ""}}, {"model": "authapp.userprofile", "pk": 19, "fields": {"user": 4, "about": null, "gender": ""}}, {"model": "authapp.userprofile", "pk": 20, "fields": {"user": 23, "about": null, "gender": ""}}, {"model": "authapp.userprofile", "pk": 21, "fields": {"user": 17, "about": null, "gender": ""}}, {"model": "authapp.userprofile", "pk": 22, "fields": {"user": 18, "about": null, "gender": ""}}, {"model": "authapp.userprofile", "pk": 23, "fields": {"user": 14, "about": null, "gender": ""}}, {"model": "authapp.userprofile", "pk": 24, "fields": {"user": 15, "about": null, "gender": ""}}, {"model": "authapp.userprofile", "pk": 25, "fields": {"user": 26, "about": null, "gender": ""}}, {"model": "authapp.userprofile", "pk": 26, "fields": {"user": 25, "about": null, "gender": ""}}, {"model": "authapp.userprofile", "pk": 27, "fields": {"user": 27, "about": null, "gender": ""}}, {"model": "authapp.userprofile", "pk": 28, "fields": {"user": 22, "about": null, "gender": ""}}, {"model": "authapp.userprofile", "pk": 29, "fields": {"user": 29, "about": null, "gender": ""}}, {"model": "authapp.userprofile", "pk": 30, "fields": {"user": 30, "about": null, "gender": ""}}, {"model": "authapp.userprofile", "pk": 34, "fields": {"user": 34, "about": null, "gender": "M"}}, {"model": "cartapp.cart", "pk": 14, "fields": {"user": 6, "product": 6, "quantity": 2, "add_datetime": "2022-03-01T07:15:46.175Z"}}, {"model": "cartapp.cart", "pk": 15, "fields": {"user": 6, "product": 1, "quantity": 5, "add_datetime": "2022-03-01T09:12:20.776Z"}}, {"model": "cartapp.cart", "pk": 22, "fields": {"user": 6, "product": 3, "quantity": 2, "add_datetime": "2022-03-01T20:45:27.403Z"}}, {"model": "cartapp.cart", "pk": 30, "fields": {"user": 34, "product": 2, "quantity": 503, "add_datetime": "2022-03-28T19:21:20.220Z"}}, {"model": "cartapp.cart", "pk": 53, "fields": {"user": 1, "product": 6, "quantity": 5, "add_datetime": "2022-04-18T15:54:21.956Z"}}, {"model": "ordersapp.order", "pk": 1, "fields": {"user": 1, "created": "2022-03-29T08:55:16.767Z", "updated": "2022-03-29T14:49:33.790Z", "status": 2, "is_active": true}}, {"model": "ordersapp.order", "pk": 2, "fields": {"user": 1, "created": "2022-03-29T08:57:37.214Z", "updated": "2022-03-29T15:12:11.563Z", "status": 1, "is_active": false}}, {"model": "ordersapp.order", "pk": 4, "fields": {"user": 1, "created": "2022-03-29T14:49:59.750Z", "updated": "2022-03-29T15:00:39.593Z", "status": 2, "is_active": true}}, {"model": "ordersapp.order", "pk": 6, "fields": {"user": 1, "created": "2022-03-29T15:13:15.372Z", "updated": "2022-03-29T16:00:24.893Z", "status": 1, "is_active": false}}, {"model": "ordersapp.order", "pk": 7, "fields": {"user": 1, "created": "2022-03-29T15:57:39.092Z", "updated": "2022-04-06T08:56:30.309Z", "status": 1, "is_active": true}}, {"model": "ordersapp.order", "pk": 8, "fields": {"user": 1, "created": "2022-03-29T15:58:12.914Z", "updated": "2022-04-05T10:00:54.503Z", "status": 1, "is_active": true}}, {"model": "ordersapp.order", "pk": 10, "fields": {"user": 1, "created": "2022-04-01T13:02:31.267Z", "updated": "2022-04-01T13:02:31.318Z", "status": 1, "is_active": false}}, {"model": "ordersapp.order", "pk": 11, "fields": {"user": 1, "created": "2022-04-03T18:41:33.501Z", "updated": "2022-04-03T18:43:33.474Z", "status": 1, "is_active": false}}, {"model": "ordersapp.order", "pk": 16, "fields": {"user": 1, "created": "2022-04-05T09:52:00.777Z", "updated": "2022-04-05T09:52:00.777Z", "status": 1, "is_active": false}}, {"model": "ordersapp.order", "pk": 18, "fields": {"user": 1, "created": "2022-04-05T09:52:09.159Z", "updated": "2022-04-05T09:52:09.159Z", "status": 1, "is_active": false}}, {"model": "ordersapp.order", "pk": 20, "fields": {"user": 1, "created": "2022-04-05T09:52:50.057Z", "updated": "2022-04-05T09:52:50.057Z", "status": 1, "is_active": false}}, {"model": "ordersapp.order", "pk": 22, "fields": {"user": 1, "created": "2022-04-05T09:56:00.901Z", "updated": "2022-04-05T09:56:00.901Z", "status": 1, "is_active": false}}, {"model": "ordersapp.order", "pk": 23, "fields": {"user": 1, "created": "2022-04-05T09:56:49.275Z", "updated": "2022-04-05T09:56:49.292Z", "status": 1, "is_active": true}}, {"model": "ordersapp.order", "pk": 24, "fields": {"user": 1, "created": "2022-04-05T10:01:29.043Z", "updated": "2022-04-05T10:01:29.057Z", "status": 1, "is_active": true}}, {"model": "ordersapp.order", "pk": 25, "fields": {"user": 1, "created": "2022-04-05T10:17:36.637Z", "updated": "2022-04-06T08:47:19.536Z", "status": 1, "is_active": true}}, {"model": "ordersapp.order", "pk": 26, "fields": {"user": 1, "created": "2022-04-16T17:05:13.583Z", "updated": "2022-04-16T17:05:14.286Z", "status": 1, "is_active": true}}, {"model": "ordersapp.order", "pk": 28, "fields": {"user": 1, "created": "2022-04-18T11:52:42.157Z", "updated": "2022-04-18T11:52:42.157Z", "status": 1, "is_active": false}}, {"model": "ordersapp.orderitem", "pk": 1, "fields": {"order": 1, "product": 4, "quantity": 2}}, {"model": "ordersapp.orderitem", "pk": 2, "fields": {"order": 1, "product": 5, "quantity": 5}}, {"model": "ordersapp.orderitem", "pk": 3, "fields": {"order": 1, "product": 3, "quantity": 4}}, {"model": "ordersapp.orderitem", "pk": 4, "fields": {"order": 1, "product": 2, "quantity": 1}}, {"model": "ordersapp.orderitem", "pk": 5, "fields": {"order": 2, "product": 4, "quantity": 2}}, {"model": "ordersapp.orderitem", "pk": 6, "fields": {"order": 2, "product": 5, "quantity": 5}}, {"model": "ordersapp.orderitem", "pk": 7, "fields": {"order": 2, "product": 3, "quantity": 4}}, {"model": "ordersapp.orderitem", "pk": 8, "fields": {"order": 2, "product": 2, "quantity": 1}}, {"model": "ordersapp.orderitem", "pk": 13, "fields": {"order": 4, "product": 4, "quantity": 2}}, {"model": "ordersapp.orderitem", "pk": 14, "fields": {"order": 4, "product": 5, "quantity": 5}}, {"model": "ordersapp.orderitem", "pk": 15, "fields": {"order": 4, "product": 3, "quantity": 4}}, {"model": "ordersapp.orderitem", "pk": 16, "fields": {"order": 4, "product": 2, "quantity": 1}}, {"model": "ordersapp.orderitem", "pk": 21, "fields": {"order": 6, "product": 4, "quantity": 2}}, {"model": "ordersapp.orderitem", "pk": 22, "fields": {"order": 6, "product": 5, "quantity": 5}}, {"model": "ordersapp.orderitem", "pk": 23, "fields": {"order": 6, "product": 3, "quantity": 4}}, {"model": "ordersapp.orderitem", "pk": 24, "fields": {"order": 6, "product": 2, "quantity": 6}}, {"model": "ordersapp.orderitem", "pk": 25, "fields": {"order": 7, "product": 4, "quantity": 2}}, {"model": "ordersapp.orderitem", "pk": 26, "fields": {"order": 7, "product": 5, "quantity": 5}}, {"model": "ordersapp.orderitem", "pk": 27, "fields": {"order": 7, "product": 3, "quantity": 4}}, {"model": "ordersapp.orderitem", "pk": 28, "fields": {"order": 7, "product": 2, "quantity": 1}}, {"model": "ordersapp.orderitem", "pk": 29, "fields": {"order": 8, "product": 4, "quantity": 2}}, {"model": "ordersapp.orderitem", "pk": 30, "fields": {"order": 8, "product": 5, "quantity": 2}}, {"model": "ordersapp.orderitem", "pk": 31, "fields": {"order": 8, "product": 3, "quantity": 2}}, {"model": "ordersapp.orderitem", "pk": 39, "fields": {"order": 11, "product": 1, "quantity": 3}}, {"model": "ordersapp.orderitem", "pk": 46, "fields": {"order": 23, "product": 1, "quantity": 2}}, {"model": "ordersapp.orderitem", "pk": 47, "fields": {"order": 23, "product": 6, "quantity": 2}}, {"model": "ordersapp.orderitem", "pk": 48, "fields": {"order": 24, "product": 2, "quantity": 1}}, {"model": "ordersapp.orderitem", "pk": 49, "fields": {"order": 25, "product": 1, "quantity": 3}}, {"model": "ordersapp.orderitem", "pk": 50, "fields": {"order": 26, "product": 1, "quantity": 2}}, {"model": "ordersapp.orderitem", "pk": 51, "fields": {"order": 26, "product": 3, "quantity": 1}}]